<?xml version="1.0" encoding="UTF-8"?>
<list id="1">
  <org.openmrs.RelationshipType id="2" uuid="03ecf59a-4c7a-11e5-9192-080027b662ec">
    <description>Relationship from a primary care provider to the patient</description>
    <creator/>
    <dateCreated id="3">2015-08-27 02:41:04</dateCreated>
    <retired>false</retired>
    <relationshipTypeId>1</relationshipTypeId>
    <aIsToB>Doctor</aIsToB>
    <bIsToA>Patient</bIsToA>
    <weight>0</weight>
    <preferred>false</preferred>
  </org.openmrs.RelationshipType>
  <org.openmrs.RelationshipType id="4" uuid="03ed3084-4c7a-11e5-9192-080027b662ec">
    <description>Relationship between brother/sister, brother/brother, and sister/sister</description>
    <creator/>
    <dateCreated id="5">2015-08-27 02:41:04</dateCreated>
    <retired>false</retired>
    <relationshipTypeId>2</relationshipTypeId>
    <aIsToB>Sibling</aIsToB>
    <bIsToA>Sibling</bIsToA>
    <weight>0</weight>
    <preferred>false</preferred>
  </org.openmrs.RelationshipType>
  <org.openmrs.RelationshipType id="6" uuid="03ed79c5-4c7a-11e5-9192-080027b662ec">
    <description>Relationship from a mother/father to the child</description>
    <creator/>
    <dateCreated id="7">2015-08-27 02:41:04</dateCreated>
    <retired>false</retired>
    <relationshipTypeId>3</relationshipTypeId>
    <aIsToB>Parent</aIsToB>
    <bIsToA>Child</bIsToA>
    <weight>0</weight>
    <preferred>false</preferred>
  </org.openmrs.RelationshipType>
  <org.openmrs.RelationshipType id="8" uuid="2a5f4ff4-a179-4b8a-aa4c-40f71956ebbc">
    <description>Provider supervisor to provider supervisee relationship</description>
    <creator/>
    <dateCreated id="9">2017-01-01 14:27:37</dateCreated>
    <retired>false</retired>
    <relationshipTypeId>4</relationshipTypeId>
    <aIsToB>Supervisor</aIsToB>
    <bIsToA>Supervisee</bIsToA>
    <weight>0</weight>
    <preferred>false</preferred>
  </org.openmrs.RelationshipType>
</list>
